"","CombQ","predict(mod, newdata = newd, type = ""response"")"
"1",-5,0.642524465726211
"2",-4.5,0.630271601556525
"3",-4,0.617848546926379
"4",-3.5,0.605269496485167
"5",-3,0.592549445832294
"6",-2.5,0.579704127794453
"7",-2,0.5667499407357
