"","CombQ","predict(mod, newdata = newd, type = ""response"")"
"1",-5,0.580420918766599
"2",-4.5,0.572703316434485
"3",-4,0.564950160310666
"4",-3.5,0.557165103400026
"5",-3,0.549351860820606
"6",-2.5,0.541514202890912
"7",-2,0.53365594798926
