"","CombQ","predict(mod, newdata = newd, type = ""response"")"
"1",-5,0.614095115621533
"2",-4.5,0.604412534701027
"3",-4,0.594647373337315
"4",-3.5,0.584806746508625
"5",-3,0.574898005271985
"6",-2.5,0.564928716149855
"7",-2,0.554906639093171
