"","Species","AIC","Pval","McFadsR2"
"1","AW",329.825244337266,0.00599760814915176,0.0236261285712044
"2","BE",26.8654645588356,0.0950075893439242,0.152882672309846
"3","BW",1029.28034931213,2.03615942439675e-30,0.129951257268686
"4","MF",139.576813031895,8.870504948809e-06,0.160633588800583
"5","SW",181.452693399443,0.512562121171986,0.00243584006840047
"6","SY",27.4578954857429,0.00490390019368235,0.529964034903154
