"","CombQ","predict(mod, newdata = newd, type = ""response"")"
"1",-5,0.434351670859559
"2",-4.5,0.436561389041903
"3",-4,0.438773628734876
"4",-3.5,0.440988304736508
"5",-3,0.443205331460014
"6",-2.5,0.445424622946701
"7",-2,0.447646092879008
